1,google.com
2,amazonaws.com
3,facebook.com
4,microsoft.com
5,apple.com
6,googleapis.com
7,akamaiedge.net
8,youtube.com
9,a-msedge.net
10,twitter.com
11,akamai.net
12,googlevideo.com
13,instagram.com
14,azure.com
15,cloudflare.com
16,gstatic.com
17,digicert.com
18,linkedin.com
19,doubleclick.net
20,tiktokcdn.com
21,netflix.com
22,live.com
23,googletagmanager.com
24,office.com
25,akadns.net
26,apple-dns.net
27,gtld-servers.net
28,amazon.com
29,fbcdn.net
30,googleusercontent.com
31,icloud.com
32,wikipedia.org
33,trafficmanager.net
34,domaincontrol.com
35,fastly.net
36,windowsupdate.com
37,bing.com
38,wordpress.org
39,root-servers.net
40,yahoo.com
41,mail.ru
42,youtu.be
43,microsoftonline.com
44,aaplimg.com
45,pinterest.com
46,github.com
47,l-msedge.net
48,googlesyndication.com
49,ui.com
50,tiktokv.com
51,google-analytics.com
52,windows.net
53,spotify.com
54,nflxso.net
55,adobe.com
56,vimeo.com
57,goo.gl
58,t-msedge.net
59,cloudfront.net
60,gandi.net
61,sharepoint.com
62,edgekey.net
63,zoom.us
64,wordpress.com
65,gvt2.com
66,bit.ly
67,qq.com
68,msn.com
69,app-measurement.com
70,mozilla.org
71,yandex.net
72,googledomains.com
73,office365.com
74,yandex.ru
75,blogspot.com
76,whatsapp.net
77,office.net
78,cloudflare.net
79,tds.net
80,skype.com
81,whatsapp.com
82,gvt1.com
83,outlook.com
84,ytimg.com
85,comcast.net
86,nic.ru
87,trbcdn.net
88,s-msedge.net
89,ntp.org
90,cloudflare-dns.com
91,bytefcdn-oversea.com
92,reddit.com
93,roblox.com
94,cloudapp.net
95,ruidongcloud.com
96,wac-msedge.net
97,pki.goog
98,opera.com
99,macromedia.com
100,tiktok.com
101,snapchat.com
102,europa.eu
103,adnxs.com
104,amazon-adsystem.com
105,criteo.com
106,dropbox.com
107,baidu.com
108,intuit.com
109,tumblr.com
110,cdn77.org
111,nih.gov
112,tiktokcdn-us.com
113,lencr.org
114,gravatar.com
115,netflix.net
116,510623.com
117,nytimes.com
118,flickr.com
119,rubiconproject.com
120,t.co
121,googleadservices.com
122,msedge.net
123,github.io
124,msftncsi.com
125,windows.com
126,registrar-servers.com
127,one.one
128,nr-data.net
129,webex.com
130,ggpht.com
131,facebook-hardware.com
132,epicgames.com
133,akamaized.net
134,t.me
135,sentry.io
136,casalemedia.com
137,2mdn.net
138,mozilla.com
139,apache.org
140,dns.cn
141,cdninstagram.com
142,a2z.com
143,omtrdc.net
144,bytefcdn-ttpeu.com
145,unity3d.com
146,archive.org
147,paypal.com
148,b-msedge.net
149,spo-msedge.net
150,cnn.com
151,forms.gle
152,sberdevices.ru
153,wa.me
154,miit.gov.cn
155,azureedge.net
156,salesforceliveagent.com
157,salesforce.com
158,edgesuite.net
159,rambler.ru
160,soundcloud.com
161,pubmatic.com
162,example.com
163,mangosip.ru
164,abusix.zone
165,gmail.com
166,o365filtering.com
167,medium.com
168,zemanta.com
169,health.mil
170,vk.com
171,samsung.com
172,doubleverify.com
173,w3.org
174,ttlivecdn.com
175,att.net
176,theguardian.com
177,ebay.com
178,rbxcdn.com
179,deviantart.com
180,taboola.com
181,appsflyer.com
182,forbes.com
183,bbc.co.uk
184,demdex.net
185,meraki.com
186,adsrvr.org
187,applovin.com
188,openx.net
189,kaspersky.com
190,amazontrust.com
191,worldfcdn2.com
192,comfortel.pro
193,adobe.io
194,appsflyersdk.com
195,myfritz.net
196,azurewebsites.net
197,sciencedirect.com
198,dns.google
199,aiv-cdn.net
200,shifen.com
201,wsdvs.com
202,bbc.com
203,reg.ru
204,creativecommons.org
205,googletagservices.com
206,xiaomi.com
207,googleblog.com
208,smartadserver.com
209,sourceforge.net
210,facebook.net
211,imdb.com
212,mzstatic.com
213,akamaihd.net
214,miui.com
215,adsafeprotected.com
216,jomodns.com
217,safebrowsing.apple
218,twitch.tv
219,mit.edu
220,dual-s-msedge.net
221,cisco.com
222,nginx.org
223,who.int
224,scorecardresearch.com
225,userapi.com
226,ubuntu.com
227,edgecastdns.net
228,wixsite.com
229,amazonvideo.com
230,datadoghq.com
231,rocket-cdn.com
232,hp.com
233,dnsowl.com
234,issuu.com
235,edgecdn.ru
236,go.com
237,washingtonpost.com
238,msftconnecttest.com
239,cdn-apple.com
240,ampproject.org
241,amazon.co.uk
242,force.com
243,youtube-nocookie.com
244,nginx.com
245,hubspot.com
246,wikimedia.org
247,launchdarkly.com
248,researchgate.net
249,android.com
250,telecid.ru
251,discord.com
252,azurefd.net
253,frontapp.com
254,dailymail.co.uk
255,wp.com
256,cdc.gov
257,mcafee.com
258,twimg.com
259,aol.com
260,playstation.net
261,tinyurl.com
262,criteo.net
263,rlcdn.com
264,weebly.com
265,reuters.com
266,grammarly.com
267,atomile.com
268,ibm.com
269,3lift.com
270,name-services.com
271,slideshare.net
272,360yield.com
273,bidswitch.net
274,aliyuncs.com
275,moatads.com
276,dailymotion.com
277,sharethrough.com
278,harvard.edu
279,espn.com
280,cedexis.net
281,doi.org
282,canva.com
283,media-amazon.com
284,dnsmadeeasy.com
285,weibo.com
286,yahoo.co.jp
287,oracle.com
288,hotjar.com
289,booking.com
290,b-cdn.net
291,google.co.uk
292,teamviewer.com
293,www.gov.uk
294,nist.gov
295,shopify.com
296,supersonicads.com
297,bloomberg.com
298,linktr.ee
299,sc-gw.com
300,vungle.com
301,media.net
302,dell.com
303,foxnews.com
304,wsj.com
305,adriver.ru
306,indeed.com
307,crashlytics.com
308,etsy.com
309,comcast.com
310,quantserve.com
311,trendmicro.com
312,wiley.com
313,steampowered.com
314,cdngslb.com
315,appcenter.ms
316,jsdelivr.net
317,google.de
318,samsungqbe.com
319,samsungcloudsolution.com
320,hipages.com.au
321,slack.com
322,nature.com
323,hwcdn.net
324,wildberries.ru
325,amazon.dev
326,crwdcntrl.net
327,php.net
328,branch.io
329,dotomi.com
330,alibabadns.com
331,elasticbeanstalk.com
332,weather.com
333,hichina.com
334,lijit.com
335,stripe.com
336,un.org
337,imrworldwide.com
338,sc-cdn.net
339,outbrain.com
340,roku.com
341,businessinsider.com
342,ksyuncdn.com
343,nasa.gov
344,cnbc.com
345,id5-sync.com
346,adform.net
347,springer.com
348,list-manage.com
349,quora.com
350,newrelic.com
351,adobedtm.com
352,opendns.com
353,hostgator.com
354,drom.ru
355,eset.com
356,stanford.edu
357,liadm.com
358,netangels.ru
359,gnu.org
360,icloud-content.com
361,stackoverflow.com
362,ups.com
363,tripadvisor.com
364,msidentity.com
365,avast.com
366,sohu.com
367,discord.gg
368,unsplash.com
369,creativecdn.com
370,mi.com
371,eventbrite.com
372,mediahils.ru
373,teads.tv
374,smaato.net
375,rackspace.net
376,npr.org
377,go-mpulse.net
378,1c.ru
379,walmart.com
380,cpanel.net
381,dzeninfra.ru
382,alicdn.com
383,atlassian.com
384,stbid.ru
385,clarity.ms
386,wix.com
387,bugsnag.com
388,sophos.com
389,isnssdk.com
390,ea.com
391,hicloud.com
392,xboxlive.com
393,telegraph.co.uk
394,goodreads.com
395,usatoday.com
396,mozilla.net
397,amazonalexa.com
398,inner-active.mobi
399,godaddy.com
400,nease.net
401,rakuten.co.jp
402,taobao.com
403,inmobi.com
404,wal-mart.com
405,google.com.br
406,gumgum.com
407,chinamobile.com
408,blogger.com
409,ecdns.net
410,giphy.com
411,time.com
412,addtoany.com
413,cloudns.net
414,ivi.ru
415,line.me
416,duckduckgo.com
417,g.page
418,trustpilot.com
419,timeweb.ru
420,google.co.jp
421,ring.com
422,pixabay.com
423,bamgrid.com
424,cnet.com
425,amazon.de
426,pangle.io
427,openai.com
428,gosuslugi.ru
429,adtelligent.com
430,bilibili.com
431,bitrix24.ru
432,aws.dev
433,sfx.ms
434,scribd.com
435,yieldmo.com
436,xcal.tv
437,rzone.de
438,healthline.com
439,verisign.com
440,debian.org
441,statista.com
442,beian.gov.cn
443,akam.net
444,wired.com
445,byteoversea.net
446,imgur.com
447,mikrotik.com
448,speedtest.net
449,att.com
450,uber.com
451,myshopify.com
452,behance.net
453,milanuncios.com
454,ngenix.net
455,amzn.to
456,cambridge.org
457,nvidia.com
458,forter.com
459,ted.com
460,azure-dns.com
461,naver.com
462,globo.com
463,consultant.ru
464,surveymonkey.com
465,mayoclinic.org
466,ozon.ru
467,webmd.com
468,ft.com
469,zendesk.com
470,samsungcloud.com
471,amazon.co.jp
472,netease.com
473,academia.edu
474,arubanetworks.com
475,yahoodns.net
476,warnerbros.com
477,mynetname.net
478,tradingview.com
479,checkpoint.com
480,squarespace.com
481,livejournal.com
482,spcsdns.net
483,dnspod.net
484,disqus.com
485,sina.com.cn
486,kaspersky-labs.com
487,dzen.ru
488,buzzfeed.com
489,worldnic.com
490,braze.com
491,mtgglobals.com
492,imgsmail.ru
493,mysql.com
494,google.ca
495,me.com
496,telegram.me
497,playstation.com
498,independent.co.uk
499,entrust.net
500,online-metrix.net
100001,4vqc3w.vip
100002,madparis.fr
100003,projectorcentral.com
100004,heliosnissan.net
100005,nagoyatv.com
100006,ink1001.com
100007,cinema-hd.tv
100008,troweconsulting.com
100009,bi.no
100010,register.si
100011,facilitiesnet.com
100012,geotargetly-api-2.com
100013,cyberpatrol.com
100014,uexternado.edu.co
100015,moyuncdn.top
100016,illustrators.ru
100017,merkel.org.ua
100018,afrotech.com
100019,saytechnologies.com
100020,yru.ac.th
100021,howardstern.com
100022,aliyunddos0008.com
100023,blueoxtech.com
100024,searchy.biz
100025,abebooks.fr
100026,showingdesk.com
100027,nwmls.com
100028,dayunlinks.cn
100029,blogabet.com
100030,southsidesox.com
100031,quotient.com
100032,gmodules.com
100033,apsanet.org
100034,maliweb.net
100035,minzdravrso.ru
100036,emailverification.info
100037,ccomptes.fr
100038,shortcutssoftware.com
100039,whodoyou.com
100040,arcadespot.com
100041,capgo.app
100042,corpglobal.net
100043,newsmaxtv.com
100044,set9echo.com
100045,mailbox.net.uk
100046,gisaid.org
100047,mmcdn.nl
100048,catoms.net
100049,hiveon.com
100050,aasaam.net
100051,sspnet.org
100052,qhimgs0.com
100053,managed-ip.com
100054,bni.com
100055,witt-weiden.de
100056,alphavantage.co
100057,p8t.us
100058,wolf-of-wilderness.com
100059,jjkeller.com
100060,eastbay.com
100061,countercept.com
100062,afterimagedesigns.com
100063,applifier.com
100064,dj-upd.com
100065,dwgfastview.com
100066,jsvtelecom.net.br
100067,campustechnology.com
100068,westnet.com
100069,jhahosted.com
100070,appliedmed.com
100071,elliemaeservices.com
100072,hfma.org
100073,bolognafc.it
100074,singtao.ca
100075,wideopenspaces.com
100076,envestnet.com
100077,websitetoolbox.com
100078,heartlandmosaic.com
100079,blackfridaysales.ro
100080,paradise.net.nz
100081,candou.com
100082,unet.cz
100083,ct-teamworx.com
100084,duvalschools.org
100085,leetcode-cn.com
100086,zangi.com
100087,agu.gov.br
100088,tamara.co
100089,jpci.net
100090,medicinesaf.com
100091,aak.kz
100092,medialeaks.ru
100093,awsdns-cn-57.net
100094,717trk.com
100095,0629.com.ua
100096,nashuatelegraph.com
100097,alfaleasing.ru
100098,mealsonwheelsamerica.org
100099,pikoya.com
100100,childrensdefense.org
100101,showpad.biz
100102,itoolabs.com
100103,cdn-solidgate.com
100104,simplybits.net
100105,gotocloud.io
100106,dire.it
100107,fibernetics.ca
100108,dfn-network.pro
100109,vsmart.net
100110,mountainhardwear.com
100111,ac-nice.fr
100112,rollins.com
100113,bubadu.com
100114,ourgame.com.cn
100115,msfn.org
100116,chol.com
100117,tinyprints.com
100118,stewart.com
100119,link-pen.com
100120,centreforaviation.com
100121,edclub.app
100122,schooltv.nl
100123,starnet.md
100124,semantic-ui.com
100125,jonathanadler.com
100126,lokalkompass.de
100127,nhsa.gov.cn
100128,sesami.co
100129,nsinternational.com
100130,cmiccloudr12.com
100131,fitnesskeeperapi.com
100132,timeforstorm.com
100133,ikoula.nl
100134,blinkstatus.net
100135,innovaphone.com
100136,tel.ru
100137,logmi.jp
100138,americasquarterly.org
100139,eztv.wf
100140,dhgamesdownload.com
100141,desu.edu
100142,goodsmileus.com
100143,spmi.ru
100144,noordhoff.nl
100145,swarmcdn.com
100146,ben-evans.com
100147,wrbl.com
100148,gofasthost.com
100149,asp4all.nl
100150,dnsracks.com
100151,rateyourseats.com
100152,tnuck.com
100153,botosani.ro
100154,e-connection.com.au
100155,opencongress.org
100156,chinesepod.com
100157,clipstat.com
100158,eslprintables.com
100159,mundofut.live
100160,puldhukelpmet.com
100161,greatfon.com
100162,trustwave.cloud
100163,ezwv.com
100164,specialword.xyz
100165,chinavasion.com
100166,securysearch.com
100167,dealstreetasia.com
100168,maddyness.com
100169,tieszhu.com
100170,kpcb.com
100171,advisorclient.com
100172,cuminside.club
100173,arenanetworks.com
100174,wvlegislature.gov
100175,secomtech.com
100176,chuv.ch
100177,longsearches.com
100178,entensys.com
100179,stardoll.com
100180,smartstudy.co.kr
100181,titck.gov.tr
100182,cdn-gw-dv.vip
100183,dyspatch.io
100184,qualys.co.uk
100185,graphic.com.gh
100186,ums.edu
100187,pocruises.com.au
100188,unreel.me
100189,zohohost.eu
100190,bal.ru
100191,noos.fr
100192,plantsg.com.sg
100193,pokerstars.pt
100194,cdn-d10.com
100195,3072.ru
100196,findjandescant.com
100197,exiftool.org
100198,ntup.network
100199,openfin.co
100200,pqarchiver.com
100201,myphones.net
100202,appservnetwork.com
100203,rascom.ru
100204,brunellocucinelli.com
100205,etapa.net.ec
100206,animedia.pro
100207,hughestelematics.com
100208,oit.ac.jp
100209,cdnhwcxcy07.com
100210,rusuchka.com
100211,race.com
100212,genymotion.com
100213,dyson.in
100214,mewatch.sg
100215,vocphone.com
100216,alvarezandmarsal.com
100217,ffrf.org
100218,twerion.net
100219,redeletras.com
100220,prephero.com
100221,univ-lemans.fr
100222,dotsterhost.com
100223,btc-echo.de
100224,ih8mud.com
100225,linoit.com
100226,picfair.com
100227,infogalactic.com
100228,cpplb.com.cn
100229,csg.cn
100230,esahra.ir
100231,ache.org
100232,musthave-magazine.tokyo
100233,docktera.net
100234,roshd.ir
100235,totwoo.com
100236,12voip.com
100237,yeptube.com
100238,whittierdailynews.com
100239,dnsmod.xyz
100240,billdomain.com
100241,youlishipin.com
100242,blacksparrowmedia.net
100243,rnids.rs
100244,softnyx.com
100245,economy.com
100246,zhuanzhuan.com
100247,teko.io
100248,dejanews.com
100249,horchow.com
100250,s0avahost.net
100251,gpm.ru
100252,wkglobal.net
100253,qinetiq.com
100254,dclean.io
100255,webnode.nl
100256,pringles.com
100257,atvtrader.com
100258,sqprod.co
100259,politicaprivacidade.com
100260,yourblocksite.com
100261,abaenglish.com
100262,esquire.ru
100263,brew4ru.net
100264,teimg.com
100265,ketchappgames.com
100266,wordfinderapi.com
100267,rajwap.xyz
100268,scrumguides.org
100269,wishfast.top
100270,smokeball.com.au
100271,reagan.com
100272,df.ru
100273,dusit.com
100274,zemoj.com
100275,englishdom.com
100276,nzcity.co.nz
100277,bgsecure.net
100278,pwsns.com
100279,hartmann.info
100280,nporadio2.nl
100281,echoes.net
100282,dnspark.net
100283,host.az
100284,ionitech.cn
100285,beastsofwar.com
100286,vipboxtv.stream
100287,formiche.net
100288,turboimagehost.com
100289,eminem.com
100290,emotiveapp.co
100291,superbrightleds.com
100292,telemail.jp
100293,groupspaces.com
100294,kkcube.com
100295,confbesttop.com
100296,mls.com.br
100297,bakerlaw.com
100298,tubeon.com
100299,changyou.com
100300,betano.de
100301,chubu.ac.jp
100302,srt.com
100303,singleops.com
100304,hotwired.com
100305,sovcomins.ru
100306,molot.ru
100307,hollandcasino.nl
100308,inkthemes.com
100309,women.com
100310,synthetix.com
100311,nexvortex.com
100312,regtorg.ru
100313,dus.net
100314,appbetnewapp.top
100315,jogosdecassino777.com
100316,ijro.uz
100317,leonardocompany.com
100318,ddn.fr
100319,telecomasia.net
100320,srv.bnpparibas
100321,jobsite.co.uk
100322,eversheds-sutherland.com
100323,monolithindustries.com
100324,avon.ru
100325,webfic.com
100326,bakerlab.org
100327,andro-games.com
100328,alcohol.org
100329,infotracer.com
100330,prisa.com
100331,oamk.fi
100332,eatchickens.com
100333,algowiki.win
100334,cx901.com
100335,island.lk
100336,filtersfast.com
100337,brightcom.com
100338,gesundheit.de
100339,monzo.co.uk
100340,leonardo.com
100341,sny.tv
100342,jdate.com
100343,thebrandboy.com
100344,vdocuments.mx
100345,caravela.coffee
100346,gepatit-net.com
100347,ujf-grenoble.fr
100348,flux-analytics.com
100349,whatsonstage.com
100350,scottishwan.net
100351,dcfx.co.id
100352,telemach.ba
100353,hubtotal.net
100354,multiupload.com
100355,toontrack.com
100356,urbanairparks.com
100357,macomb.edu
100358,myrgv.com
100359,strategic-culture.org
100360,ig.me
100361,marketgid.com
100362,mtn.com.gh
100363,posix.co.za
100364,stimg.co
100365,pokkt.com
100366,drugstorepp.com
100367,compucom.com
100368,cfi.cn
100369,getuikit.com
100370,grbrides.net
100371,helloglow.co
100372,shephertz.com
100373,taxnotes.com
100374,gdufs.edu.cn
100375,fiat.it
100376,freecasinogames-ca.com
100377,cloudfare.com
100378,aisc.org
100379,cantonbecker.com
100380,chroot.ro
100381,alpha-mail.net
100382,rakhc.com
100383,rushydro.ru
100384,macewan.ca
100385,cps.k12.il.us
100386,splitbrain.org
100387,paulcraigroberts.org
100388,baseballprospectus.com
100389,marmot.com
100390,nyphil.org
100391,udesc.br
100392,faronics.com
100393,idn.mn
100394,semiconductors.org
100395,parkinsons.org.uk
100396,linuxcommand.org
100397,intertech.net.tr
100398,dri.edu
100399,hdpepe100.com
100400,navblue.cloud
100401,extrahop.com
100402,uxmatters.com
100403,chatty.fish
100404,integralads.com
100405,nn55aa.live
100406,makeameme.org
100407,bookmaker.eu
100408,appollo-plus.com
100409,1denta.ru
100410,graffiti.it
100411,csgpimgs.com
100412,jlqltsjvh.biz
100413,csuci.edu
100414,kcentv.com
100415,monroe.edu
100416,digiceljamaica.net
100417,1popov.com
100418,django-rest-framework.org
100419,prohoster.biz
100420,onpoowu.com
100421,ukwebsolutionsdirect.com
100422,connectdms.co.in
100423,overcast-cdn.com
100424,uagc.edu
100425,buomtv.tv
100426,vkmonline.com
100427,zdrav.ru
100428,marketinginsidergroup.com
100429,efficientlearning.com
100430,matilda.net.au
100431,maya.ph
100432,fibrlink.net
100433,capitalxtra.com
100434,telinet.com.pg
100435,goodmanmfg.com
100436,cqnu.edu.cn
100437,kingoapp.com
100438,fjtu.edu.cn
100439,cdnde.com
100440,mynetgear.com
100441,ppaddns.com
100442,allianz-trade.com
100443,bsh-aws.com
100444,pfnetwork.net
100445,frankwatching.com
100446,whole30.com
100447,ihost.md
100448,adultdvdtalk.com
100449,bookthatapp.com
100450,vsekraskitver.ru
100451,getdailyart.com
100452,pacificorp.com
100453,pressize.com
100454,utb.cz
100455,qmail.com
100456,nmmobi.com
100457,yummly.co.uk
100458,vegascreativesoftware.com
100459,eazybi.com
100460,push-ad.com
100461,blueprintprep.com
100462,finchapi.com
100463,sportsdaily.ru
100464,tci-thaijo.org
100465,finanzen.ch
100466,empr.com
100467,captivateiq.com
100468,fotopic.net
100469,merkfunds.com
100470,nsuok.edu
100471,nickelled.com
100472,msearch.co
100473,awsdns-cn-55.cn
100474,dimatter.ai
100475,cyut.edu.tw
100476,flightschedulepro.com
100477,imgbchw.com
100478,xn---63-5cdesg4ei.xn--p1ai
100479,sportsseoul.com
100480,yinyuetai.com
100481,twik.io
100482,quicns.cloud
100483,urawa-reds.co.jp
100484,hrworks.de
100485,encrypt.me
100486,aicpa-cima.com
100487,cscglobal.com
100488,oneplus.cn
100489,jockey.com
100490,resell.biz
100491,appointy.com
100492,trellis.law
100493,clubofrome.org
100494,colocationamerica.com
100495,tsfsipz.cc
100496,vyborg.ru
100497,bootsnall.com
100498,xtremewrestlingtorrents.net
100499,uhcmedicaresolutions.com
100500,clickanalyticsresource.com
